domain,lead_band,transition_type,transition_area_km2,valid_area_km2,area_fraction_of_valid_grid_days
barents,L1-5,compact_ice_to_miz,6875372.317149922,2119393932.222292,0.003244027555528927
barents,L1-5,compact_ice_to_open_water,11311.449359524639,2119393932.222292,5.33711510047781e-06
barents,L1-5,miz_to_compact_ice,3559595.1440779343,2119393932.222292,0.0016795344602810664
barents,L1-5,miz_to_open_water,11057875.51122679,2119393932.222292,0.005217470590581547
barents,L1-5,open_water_to_compact_ice,0.0,2119393932.222292,0.0
barents,L1-5,open_water_to_miz,3861902.652153153,2119393932.222292,0.001822173119134937
barents,L16-30,compact_ice_to_miz,44775823.73719384,6358181796.666876,0.007042237100025433
barents,L16-30,compact_ice_to_open_water,2495993.8412977704,6358181796.666876,0.0003925640884641322
barents,L16-30,miz_to_compact_ice,16003749.416539155,6358181796.666876,0.0025170323731430167
barents,L16-30,miz_to_open_water,139146480.82928008,6358181796.666876,0.021884633890497482
barents,L16-30,open_water_to_compact_ice,414778.67375690205,6358181796.666876,6.523542217278842e-05
barents,L16-30,open_water_to_miz,35610000.48266445,6358181796.666876,0.005600657801469618
barents,L6-15,compact_ice_to_miz,24345868.531115178,4238787864.444584,0.00574359210927515
barents,L6-15,compact_ice_to_open_water,152654.08103419066,4238787864.444584,3.60136166083398e-05
barents,L6-15,miz_to_compact_ice,7966252.055433375,4238787864.444584,0.0018793703082560862
barents,L6-15,miz_to_open_water,56398949.40879324,4238787864.444584,0.013305442785158888
barents,L6-15,open_water_to_compact_ice,0.0,4238787864.444584,0.0
barents,L6-15,open_water_to_miz,15252936.567064166,4238787864.444584,0.0035984194196193365
chukchi,L1-5,compact_ice_to_miz,14338537.465488374,1212060101.304956,0.011829889829762475
chukchi,L1-5,compact_ice_to_open_water,0.0,1212060101.304956,0.0
chukchi,L1-5,miz_to_compact_ice,6107321.334033217,1212060101.304956,0.005038794138556176
chukchi,L1-5,miz_to_open_water,33092369.008140225,1212060101.304956,0.027302580930196083
chukchi,L1-5,open_water_to_compact_ice,0.0,1212060101.304956,0.0
chukchi,L1-5,open_water_to_miz,8554852.240634229,1212060101.304956,0.0070581089431321995
chukchi,L16-30,compact_ice_to_miz,57896768.7645249,3636180303.914868,0.01592241416141844
chukchi,L16-30,compact_ice_to_open_water,5474160.828484531,3636180303.914868,0.001505470128252665
chukchi,L16-30,miz_to_compact_ice,56075140.368060954,3636180303.914868,0.015421441095120628
chukchi,L16-30,miz_to_open_water,574375022.9870214,3636180303.914868,0.15796109515488674
chukchi,L16-30,open_water_to_compact_ice,52214172.0330705,3636180303.914868,0.014359621269840353
chukchi,L16-30,open_water_to_miz,148626082.03882524,3636180303.914868,0.04087423329332927
chukchi,L6-15,compact_ice_to_miz,39293843.34372146,2424120202.609912,0.016209527605692168
chukchi,L6-15,compact_ice_to_open_water,28281.321250376877,2424120202.609912,1.1666633205699945e-05
chukchi,L6-15,miz_to_compact_ice,17313168.701401327,2424120202.609912,0.0071420421655498875
chukchi,L6-15,miz_to_open_water,198426240.3955942,2424120202.609912,0.0818549509970504
chukchi,L6-15,open_water_to_compact_ice,3690406.055659291,2424120202.609912,0.0015223692503721726
chukchi,L6-15,open_water_to_miz,42202192.75003717,2424120202.609912,0.017409282223134183
east_siberian,L1-5,compact_ice_to_miz,34761044.09255797,1839410204.943533,0.018897929346665267
east_siberian,L1-5,compact_ice_to_open_water,0.0,1839410204.943533,0.0
east_siberian,L1-5,miz_to_compact_ice,23421697.89723073,1839410204.943533,0.012733265170696244
east_siberian,L1-5,miz_to_open_water,54409335.88008213,1839410204.943533,0.029579772762950617
east_siberian,L1-5,open_water_to_compact_ice,0.0,1839410204.943533,0.0
east_siberian,L1-5,open_water_to_miz,17962543.00391894,1839410204.943533,0.009765381835788152
east_siberian,L16-30,compact_ice_to_miz,196877619.63445166,5518230614.830599,0.0356776715901163
east_siberian,L16-30,compact_ice_to_open_water,4882264.845553657,5518230614.830599,0.0008847518681862003
east_siberian,L16-30,miz_to_compact_ice,322164466.66837215,5518230614.830599,0.05838184178140987
east_siberian,L16-30,miz_to_open_water,871565469.6662148,5518230614.830599,0.15794292237874705
east_siberian,L16-30,open_water_to_compact_ice,111117518.84352873,5518230614.830599,0.02013643984810879
east_siberian,L16-30,open_water_to_miz,298313573.7086561,5518230614.830599,0.05405964239822077
east_siberian,L6-15,compact_ice_to_miz,123787655.61148897,3678820409.887066,0.033648735686798326
east_siberian,L6-15,compact_ice_to_open_water,143897.97368251125,3678820409.887066,3.911524827245609e-05
east_siberian,L6-15,miz_to_compact_ice,102976601.35708116,3678820409.887066,0.02799174460387491
east_siberian,L6-15,miz_to_open_water,319267451.656023,3678820409.887066,0.08678527791081382
east_siberian,L6-15,open_water_to_compact_ice,3226182.0294834087,3678820409.887066,0.0008769610010895986
east_siberian,L6-15,open_water_to_miz,85530623.92443751,3678820409.887066,0.023249469774215797
kara,L1-5,compact_ice_to_miz,12353884.924792957,1258737486.0493262,0.00981450466178366
kara,L1-5,compact_ice_to_open_water,7767.364146450047,1258737486.0493262,6.170757789083328e-06
kara,L1-5,miz_to_compact_ice,7292636.36549947,1258737486.0493262,0.005793611810503984
kara,L1-5,miz_to_open_water,29300829.354460675,1258737486.0493262,0.02327795086680406
kara,L1-5,open_water_to_compact_ice,0.0,1258737486.0493262,0.0
kara,L1-5,open_water_to_miz,7804791.705220769,1258737486.0493262,0.006200491994337033
kara,L16-30,compact_ice_to_miz,78458017.27582417,3776212458.1479783,0.020776907588060726
kara,L16-30,compact_ice_to_open_water,12151374.03759195,3776212458.1479783,0.003217873510102109
kara,L16-30,miz_to_compact_ice,44814778.862399526,3776212458.1479783,0.011867652935073117
kara,L16-30,miz_to_open_water,391779088.3443131,3776212458.1479783,0.1037492176847642
kara,L16-30,open_water_to_compact_ice,6309186.059203735,3776212458.1479783,0.0016707709455251463
kara,L16-30,open_water_to_miz,92828463.3833665,3776212458.1479783,0.024582426018713386
kara,L6-15,compact_ice_to_miz,45412866.88147242,2517474972.0986524,0.01803905396668739
kara,L6-15,compact_ice_to_open_water,1356929.8920909534,2517474972.0986524,0.0005390043226367294
kara,L6-15,miz_to_compact_ice,20323839.464935165,2517474972.0986524,0.008073104873011916
kara,L6-15,miz_to_open_water,159518863.45253283,2517474972.0986524,0.06336462734306848
kara,L6-15,open_water_to_compact_ice,519340.0959285854,2517474972.0986524,0.00020629404529715975
kara,L6-15,open_water_to_miz,27885215.32631852,2517474972.0986524,0.01107666039796712
laptev,L1-5,compact_ice_to_miz,22715256.99253288,1111228082.6465883,0.02044157931865116
laptev,L1-5,compact_ice_to_open_water,0.0,1111228082.6465883,0.0
laptev,L1-5,miz_to_compact_ice,19120486.3371293,1111228082.6465883,0.01720662628646897
laptev,L1-5,miz_to_open_water,24669725.175797608,1111228082.6465883,0.022200415523195065
laptev,L1-5,open_water_to_compact_ice,0.0,1111228082.6465883,0.0
laptev,L1-5,open_water_to_miz,10958564.905271823,1111228082.6465883,0.009861670233506016
laptev,L16-30,compact_ice_to_miz,144083179.7689964,3333684247.9397645,0.043220403929388515
laptev,L16-30,compact_ice_to_open_water,9121724.756021278,3333684247.9397645,0.002736229371950434
laptev,L16-30,miz_to_compact_ice,244043831.75445628,3333684247.9397645,0.07320544286858503
laptev,L16-30,miz_to_open_water,303062033.2670657,3333684247.9397645,0.09090903958716538
laptev,L16-30,open_water_to_compact_ice,29151547.20072771,3333684247.9397645,0.008744543583797275
laptev,L16-30,open_water_to_miz,172692327.54980013,3333684247.9397645,0.05180224481563452
laptev,L6-15,compact_ice_to_miz,87952474.95524801,2222456165.2931767,0.03957444755435512
laptev,L6-15,compact_ice_to_open_water,676572.4746792801,2222456165.2931767,0.0003044255653924358
laptev,L6-15,miz_to_compact_ice,83570257.9280553,2222456165.2931767,0.03760265747110071
laptev,L6-15,miz_to_open_water,132430216.6643924,2222456165.2931767,0.05958732448022109
laptev,L6-15,open_water_to_compact_ice,958959.5260672632,2222456165.2931767,0.00043148636227016945
laptev,L6-15,open_water_to_miz,48306000.734368585,2222456165.2931767,0.02173541214838596
